[
  {
  "description": "Купить продукты",
  "tags": ["шопинг", "рутина"]
  },
  {
  "description": "Сделать несколько новых задач",
  "tags": ["писательство", "работа"]
  },
  {
  "description": "Подготовиться к лекции в понедельник",
  "tags": ["работа", "преподавание"]
  },
  {
  "description": "Ответить на электронные письма",
  "tags": ["работа"]
  },
  {
  "description": "Вывести Грейси на прогулку в парк",
  "tags": ["рутина", "питомцы"]
  },
  {
  "description": "Закончить писать книгу",
  "tags": ["писательство", "работа"]
  }
  ]